kernel	prog	rep	cycles	prepcyc	latmin	latmax	sig
xorshift	0	0	19748	3200	93	95	0x03dba483
xorshift	0	1	19737	3200	93	94	0x03dba483
xorshift	0	2	19741	3200	93	94	0x03dba483
xorshift	0	3	19735	3200	93	94	0x03dba483
xorshift	0	4	19736	3200	93	95	0x03dba483
xorshift	0	5	19737	3200	93	94	0x03dba483
xorshift	0	6	19735	3200	93	94	0x03dba483
xorshift	0	7	19738	3200	93	94	0x03dba483
xorshift	1	0	19733	3200	93	95	0x03dba483
xorshift	1	1	19737	3200	93	94	0x03dba483
xorshift	1	2	19734	3200	93	94	0x03dba483
xorshift	1	3	19733	3200	93	95	0x03dba483
xorshift	1	4	19744	3200	93	94	0x03dba483
xorshift	1	5	19741	3200	93	95	0x03dba483
xorshift	1	6	19748	3200	93	95	0x03dba483
xorshift	1	7	19749	3200	93	94	0x03dba483
xorshift	2	0	19736	3200	93	94	0x03dba483
xorshift	2	1	19738	3200	93	94	0x03dba483
xorshift	2	2	19735	3200	93	95	0x03dba483
xorshift	2	3	19747	3200	93	95	0x03dba483
xorshift	2	4	19741	3200	93	94	0x03dba483
xorshift	2	5	19743	3200	93	94	0x03dba483
xorshift	2	6	19739	3200	93	95	0x03dba483
xorshift	2	7	19748	3200	93	95	0x03dba483
xorshift	3	0	19739	3200	93	94	0x03dba483
xorshift	3	1	19741	3200	93	94	0x03dba483
xorshift	3	2	19738	3200	93	94	0x03dba483
xorshift	3	3	19737	3200	93	94	0x03dba483
xorshift	3	4	19741	3200	93	94	0x03dba483
xorshift	3	5	19735	3200	93	95	0x03dba483
xorshift	3	6	19736	3200	93	95	0x03dba483
xorshift	3	7	19737	3200	93	94	0x03dba483
ipow	0	0	5400	3200	21	22	0x00078179
ipow	0	1	5400	3200	21	22	0x00078179
ipow	0	2	5400	3200	21	22	0x00078179
ipow	0	3	5400	3200	21	22	0x00078179
ipow	0	4	5400	3200	21	22	0x00078179
ipow	0	5	5400	3200	21	22	0x00078179
ipow	0	6	5400	3200	21	22	0x00078179
ipow	0	7	5400	3200	21	22	0x00078179
ipow	1	0	5400	3200	21	22	0x00078179
ipow	1	1	5400	3200	21	22	0x00078179
ipow	1	2	5400	3200	21	22	0x00078179
ipow	1	3	5400	3200	21	22	0x00078179
ipow	1	4	5400	3200	21	22	0x00078179
ipow	1	5	5400	3200	21	22	0x00078179
ipow	1	6	5400	3200	21	22	0x00078179
ipow	1	7	5400	3200	21	22	0x00078179
ipow	2	0	5400	3200	21	22	0x00078179
ipow	2	1	5400	3200	21	22	0x00078179
ipow	2	2	5400	3200	21	22	0x00078179
ipow	2	3	5400	3200	21	22	0x00078179
ipow	2	4	5400	3200	21	22	0x00078179
ipow	2	5	5400	3200	21	22	0x00078179
ipow	2	6	5400	3200	21	22	0x00078179
ipow	2	7	5400	3200	21	22	0x00078179
ipow	3	0	5400	3200	21	22	0x00078179
ipow	3	1	5400	3200	21	22	0x00078179
ipow	3	2	5400	3200	21	22	0x00078179
ipow	3	3	5400	3200	21	22	0x00078179
ipow	3	4	5400	3200	21	22	0x00078179
ipow	3	5	5400	3200	21	22	0x00078179
ipow	3	6	5400	3200	21	22	0x00078179
ipow	3	7	5400	3200	21	22	0x00078179
collatz	0	0	22188	3200	104	105	0x000006f9
collatz	0	1	22187	3200	104	105	0x000006f9
collatz	0	2	22173	3200	103	105	0x000006f9
collatz	0	3	22186	3200	104	105	0x000006f9
collatz	0	4	22171	3200	103	105	0x000006f9
collatz	0	5	22180	3200	104	105	0x000006f9
collatz	0	6	22186	3200	104	105	0x000006f9
collatz	0	7	22187	3200	104	105	0x000006f9
collatz	1	0	22192	3200	104	105	0x000006f9
collatz	1	1	22184	3200	104	105	0x000006f9
collatz	1	2	22198	3200	104	105	0x000006f9
collatz	1	3	22188	3200	104	105	0x000006f9
collatz	1	4	22204	3200	104	105	0x000006f9
collatz	1	5	22188	3200	103	105	0x000006f9
collatz	1	6	22194	3200	104	105	0x000006f9
collatz	1	7	22184	3200	103	105	0x000006f9
collatz	2	0	22187	3200	104	105	0x000006f9
collatz	2	1	22183	3200	104	105	0x000006f9
collatz	2	2	22175	3200	104	105	0x000006f9
collatz	2	3	22209	3200	104	105	0x000006f9
collatz	2	4	22204	3200	104	105	0x000006f9
collatz	2	5	22191	3200	104	105	0x000006f9
collatz	2	6	22208	3200	104	105	0x000006f9
collatz	2	7	22204	3200	104	105	0x000006f9
collatz	3	0	22182	3200	103	105	0x000006f9
collatz	3	1	22187	3200	104	105	0x000006f9
collatz	3	2	22205	3200	104	105	0x000006f9
collatz	3	3	22192	3200	103	105	0x000006f9
collatz	3	4	22186	3200	103	105	0x000006f9
collatz	3	5	22185	3200	104	105	0x000006f9
collatz	3	6	22198	3200	104	105	0x000006f9
collatz	3	7	22182	3200	104	105	0x000006f9
collatz64	0	0	27780	3200	130	132	0x000006f9
collatz64	0	1	27784	3200	130	132	0x000006f9
collatz64	0	2	27768	3200	130	131	0x000006f9
collatz64	0	3	27788	3200	130	132	0x000006f9
collatz64	0	4	27772	3200	130	131	0x000006f9
collatz64	0	5	27784	3200	130	132	0x000006f9
collatz64	0	6	27771	3200	130	132	0x000006f9
collatz64	0	7	27781	3200	130	132	0x000006f9
collatz64	1	0	27783	3200	130	132	0x000006f9
collatz64	1	1	27798	3200	130	132	0x000006f9
collatz64	1	2	27783	3200	130	132	0x000006f9
collatz64	1	3	27782	3200	130	132	0x000006f9
collatz64	1	4	27786	3200	130	132	0x000006f9
collatz64	1	5	27784	3200	130	132	0x000006f9
collatz64	1	6	27790	3200	130	132	0x000006f9
collatz64	1	7	27796	3200	130	132	0x000006f9
collatz64	2	0	27790	3200	130	132	0x000006f9
collatz64	2	1	27784	3200	130	132	0x000006f9
collatz64	2	2	27781	3200	130	132	0x000006f9
collatz64	2	3	27777	3200	130	132	0x000006f9
collatz64	2	4	27788	3200	130	131	0x000006f9
collatz64	2	5	27786	3200	130	132	0x000006f9
collatz64	2	6	27782	3200	130	132	0x000006f9
collatz64	2	7	27792	3200	130	132	0x000006f9
collatz64	3	0	27797	3200	130	132	0x000006f9
collatz64	3	1	27786	3200	130	132	0x000006f9
collatz64	3	2	27779	3200	130	132	0x000006f9
collatz64	3	3	27785	3200	130	132	0x000006f9
collatz64	3	4	27788	3200	130	132	0x000006f9
collatz64	3	5	27796	3200	130	132	0x000006f9
collatz64	3	6	27779	3200	130	132	0x000006f9
collatz64	3	7	27793	3200	130	132	0x000006f9
isprime	0	0	90684	3200	433	439	0x000000ff
isprime	0	1	90690	3200	433	439	0x000000ff
isprime	0	2	90697	3200	433	439	0x000000ff
isprime	0	3	90711	3200	433	439	0x000000ff
isprime	0	4	90704	3200	433	439	0x000000ff
isprime	0	5	90707	3200	433	439	0x000000ff
isprime	0	6	90692	3200	433	439	0x000000ff
isprime	0	7	90707	3200	434	439	0x000000ff
isprime	1	0	90716	3200	433	439	0x000000ff
isprime	1	1	90714	3200	433	439	0x000000ff
isprime	1	2	90709	3200	434	439	0x000000ff
isprime	1	3	90702	3200	433	439	0x000000ff
isprime	1	4	90719	3200	433	439	0x000000ff
isprime	1	5	90711	3200	433	439	0x000000ff
isprime	1	6	90678	3200	433	439	0x000000ff
isprime	1	7	90692	3200	433	439	0x000000ff
isprime	2	0	90716	3200	433	439	0x000000ff
isprime	2	1	90680	3200	433	439	0x000000ff
isprime	2	2	90719	3200	433	439	0x000000ff
isprime	2	3	90734	3200	434	439	0x000000ff
isprime	2	4	90737	3200	433	439	0x000000ff
isprime	2	5	90726	3200	434	439	0x000000ff
isprime	2	6	90718	3200	433	439	0x000000ff
isprime	2	7	90763	3200	434	439	0x000000ff
isprime	3	0	90718	3200	434	439	0x000000ff
isprime	3	1	90706	3200	433	439	0x000000ff
isprime	3	2	90699	3200	433	439	0x000000ff
isprime	3	3	90712	3200	433	439	0x000000ff
isprime	3	4	90706	3200	433	439	0x000000ff
isprime	3	5	90721	3200	434	439	0x000000ff
isprime	3	6	90691	3200	433	439	0x000000ff
isprime	3	7	90685	3200	433	439	0x000000ff
